transaction_id,timestamp,amount,transactions_last_24h,distance_from_home_km,is_foreign_country,is_high_risk_category,device_score,is_fraud
TXN-1001,2026-08-01 02:14:05,1250.50,14,482.3,1,1,0.21,1
TXN-1002,2026-08-01 08:30:22,45.00,2,1.2,0,0,0.95,0
TXN-1003,2026-08-01 09:15:40,,1,3.5,0,0,0.88,0
TXN-1004,2026-08-01 11:02:19,89.99,3,8.1,0,0,0.91,0
TXN-1005,2026-08-01 14:22:50,3200.00,18,1250.0,1,1,0.15,1
TXN-1006,2026-08-01 15:45:11,-150.00,4,2.0,0,0,0.84,0
TXN-1007,2026-08-01 18:05:33,850.00,9,120.4,0,1,0.42,1
TXN-1008,2026-08-01 19:10:00,25.30,2,0.5,0,0,0.99,0
TXN-1008,2026-08-01 19:10:00,25.30,2,0.5,0,0,0.99,0
TXN-1009,2026-08-01 21:40:12,1800.75,12,650.2,1,0,0.31,1
TXN-1010,2026-08-01 23:55:01,65.40,1,4.2,0,0,,0
TXN-1011,2026-08-02 01:05:14,2100.00,16,920.8,1,1,0.18,1
TXN-1012,2026-08-02 07:12:44,8.50,1,1.0,0,0,0.96,0
TXN-1013,2026-08-02 09:40:20,INVALID_AMOUNT,3,15.3,0,0,0.82,0
TXN-1014,2026-08-02 12:30:15,55.00,2,5.0,0,0,0.89,0
TXN-1015,2026-08-02 14:10:55,4200.00,22,2100.5,1,1,0.08,1
TXN-1016,2026-08-02 16:50:00,230.00,5,11.2,0,0,0.78,0
TXN-1017,2026-08-02 18:22:41,75.90,4,6.7,0,0,0.92,0
TXN-1018,2026-08-02 20:05:19,980.00,11,-50.0,0,1,0.35,1
TXN-1019,2026-08-02 22:15:30,19.99,1,2.1,0,0,0.97,0
TXN-1020,2026-08-02 23:48:12,1450.00,15,540.6,1,1,0.25,1
